fname, lname, sid
Amelia,Bennett,20230001
Audrey,Johnson,20230002
Tess,Armstrong,20230003
Annabella,Farrell,20230004
Brad,Chapman,20230005
Fenton,Perry,20230006
Owen,Holmes,20230007
Darcy,Morgan,20230008
Isabella,Riley,20230009
Robert,Smith,20230010
Charlie,Perry,20230011
Byron,Johnson,20230012
Miranda,Robinson,20230013
Derek,Wright,20230014
Lucy,Bennett,20230015
Tony,Perry,20230016
Lydia,Rogers,20230017
Derek,Harris,20230018
Kelvin,West,20230019
Ashton,Harper,20230020
Agata,Wright,20230021
Oliver,Jones,20230022
Justin,Owens,20230023
Arthur,Parker,20230024
George,Hamilton,20230025
Aldus,Turner,20230026
Clark,Morris,20230027
Lucia,Williams,20230028
Adelaide,Brown,20230029
Ned,Andrews,20230030
Lucas,Wilson,20230031
Andrew,Montgomery,20230032
Edith,Wright,20230033
Maddie,Cooper,20230034
Blake,Dixon,20230035
Stella,Cunningham,20230036
Miller,Turner,20230037
Thomas,Barnes,20230038
Ellia,Russell,20230039
Steven,Martin,20230040
April,Holmes,20230041
Ted,Johnson,20230042
Joyce,Warren,20230043
James,Russell,20230044
Edith,Russell,20230045
Abigail,Jones,20230046
Justin,Craig,20230047
Lucy,Alexander,20230048
Tess,Cooper,20230049
Martin,Clark,20230050